"","ID","gender","height","weight","phys"
"1","ID1","Male",172.83,62.79,"Intense"
"2","ID2","Female",165.72,74.85,"Intense"
"3","ID3","Female",169.44,54.56,"Moderate"
"4","ID4","Female",169.61,66.93,"Intense"
"5","ID5","Male",183.5,55.31,"None"
"6","ID6","Male",174.97,76.28,"Moderate"
"7","ID7","Female",161.68,63.09,"None"
"8","ID8","Male",173.77,75.12,"Moderate"
"9","ID9","Female",168.53,61.78,"Moderate"
"10","ID10","Male",177.32,79.13,"Intense"
"11","ID11","Male",177.53,71.14,"Intense"
"12","ID12","Female",170.09,55.58,"Intense"
"13","ID13","Female",164.87,61.2,"Moderate"
"14","ID14","Male",184.2,83.58,"Moderate"
"15","ID15","Male",175.74,72.14,"Intense"
"16","ID16","Male",174.78,52.48,"Moderate"
"17","ID17","Male",177.89,60.22,"Intense"
"18","ID18","Male",180.48,61.97,"None"
"19","ID19","Male",174.1,55.35,"Moderate"
"20","ID20","Male",180.46,75.95,"None"
"21","ID21","Male",175.17,60.33,"Moderate"
"22","ID22","Female",166.26,65.49,"Moderate"
"23","ID23","Male",180.56,53.38,"None"
"24","ID24","Female",169.53,75.17,"Moderate"
"25","ID25","Male",176.86,66.91,"None"
"26","ID26","Male",170.54,71.13,"None"
"27","ID27","Male",181.24,67.59,"Moderate"
"28","ID28","Female",170.12,62.92,"Moderate"
"29","ID29","Male",180.06,73.96,"Intense"
"30","ID30","Female",171.65,63.43,"Moderate"
"31","ID31","Female",171.55,58.46,"None"
"32","ID32","Male",181.42,73.11,"Intense"
"33","ID33","Female",167.8,61.71,"Moderate"
"34","ID34","Female",174.16,73.12,"None"
"35","ID35","Male",180.73,83.17,"None"
"36","ID36","Female",164.1,67.4,"Intense"
"37","ID37","Male",180.69,79.92,"Moderate"
"38","ID38","Male",178.27,81.54,"Moderate"
"39","ID39","Female",170.06,60.24,"Moderate"
"40","ID40","Male",179.69,63.09,"Moderate"
"41","ID41","Male",179.37,76.57,"Moderate"
"42","ID42","Female",165.26,56.56,"Intense"
"43","ID43","Female",166.61,83.68,"Intense"
"44","ID44","Female",159.91,47.77,"Moderate"
"45","ID45","Female",168.65,55.15,"Moderate"
"46","ID46","Male",176.69,83.19,"Moderate"
"47","ID47","Male",176.99,57.77,"None"
"48","ID48","Male",175.87,68.43,"Intense"
"49","ID49","Female",157.12,72.21,"Moderate"
"50","ID50","Female",166.06,71.6,"Moderate"
"51","ID51","Male",185.8,70.45,"Moderate"
"52","ID52","Male",179.18,68.28,"Intense"
"53","ID53","Male",179.93,69.49,"Intense"
"54","ID54","Male",186.35,65.25,"Moderate"
"55","ID55","Female",162.18,46.95,"Moderate"
"56","ID56","Female",167.94,63.4,"None"
"57","ID57","Female",174.11,61.21,"None"
"58","ID58","Female",170.08,63.94,"Intense"
"59","ID59","Female",166.66,58.07,"Moderate"
"60","ID60","Male",182.35,46.13,"None"
"61","ID61","Male",175.99,58.18,"Intense"
"62","ID62","Male",173.9,63.86,"Moderate"
"63","ID63","Male",177.4,76.96,"Moderate"
"64","ID64","Male",178.16,78.19,"None"
"65","ID65","Male",186.08,54.94,"Moderate"
"66","ID66","Female",170.43,73.33,"Moderate"
"67","ID67","Female",165.8,70.22,"None"
"68","ID68","Female",164.16,50.83,"Moderate"
"69","ID69","Female",165.77,63.2,"Intense"
"70","ID70","Male",170.23,65.85,"Moderate"
"71","ID71","Male",179.53,76.44,"Intense"
"72","ID72","Female",167.97,69.64,"Intense"
"73","ID73","Male",172.78,76.94,"Moderate"
"74","ID74","Female",170.08,66.64,"None"
"75","ID75","Female",163.62,65.24,"None"
"76","ID76","Female",167.53,77.14,"None"
"77","ID77","Female",172.46,74.04,"Intense"
"78","ID78","Female",167.48,68.37,"None"
"79","ID79","Female",169.81,81.87,"Moderate"
"80","ID80","Male",178.78,63.58,"Moderate"
"81","ID81","Male",178.57,76.71,"Moderate"
"82","ID82","Female",175.3,96.57,"Moderate"
"83","ID83","Male",177.01,61.82,"Intense"
"84","ID84","Male",181.24,75.85,"None"
"85","ID85","Male",177.17,53.65,"Moderate"
"86","ID86","Female",165.15,67.13,"Intense"
"87","ID87","Female",164.68,54.04,"Moderate"
"88","ID88","Male",176.17,70.44,"Moderate"
"89","ID89","Male",173.8,78.68,"Intense"
"90","ID90","Female",172.74,55.88,"Moderate"
"91","ID91","Female",168.87,54.15,"Moderate"
"92","ID92","Male",183.61,83.97,"None"
"93","ID93","Female",172.32,60.88,"Intense"
"94","ID94","Male",178.22,67.69,"Moderate"
"95","ID95","Female",169.9,59.24,"None"
"96","ID96","Female",163.46,52.82,"Moderate"
"97","ID97","Female",167.01,66.79,"Moderate"
"98","ID98","Male",191.08,91.76,"Moderate"
"99","ID99","Male",190.61,77.78,"Moderate"
"100","ID100","Female",175.14,70.56,"Moderate"
"101","ID101","Female",162.49,46.46,"Intense"
"102","ID102","Female",169.21,73.61,"Moderate"
"103","ID103","Male",182.12,73.82,"Moderate"
"104","ID104","Female",164.31,54.35,"Moderate"
"105","ID105","Female",167.74,67.36,"None"
"106","ID106","Female",167.11,73.78,"None"
"107","ID107","Female",161.32,62.27,"Moderate"
"108","ID108","Male",179.22,71.03,"Moderate"
"109","ID109","Female",166.23,67.91,"Moderate"
"110","ID110","Female",166.72,58.83,"Moderate"
"111","ID111","Male",176.8,58.73,"Intense"
"112","ID112","Male",178.75,59.87,"Moderate"
"113","ID113","Male",181.72,69.64,"Moderate"
"114","ID114","Male",178.74,60.39,"None"
"115","ID115","Male",187.91,75.76,"Moderate"
"116","ID116","Female",166.17,67.31,"Moderate"
"117","ID117","Female",175.94,80.35,"Moderate"
"118","ID118","Male",185.02,63.35,"Moderate"
"119","ID119","Female",173.75,69.25,"Moderate"
"120","ID120","Female",169.49,56.05,"None"
"121","ID121","Female",165.67,55.92,"Moderate"
"122","ID122","Female",171.01,47.04,"Intense"
"123","ID123","Male",181.62,79.33,"Moderate"
"124","ID124","Male",189.15,93.17,"Moderate"
"125","ID125","Male",175.8,52.64,"Intense"
"126","ID126","Male",181.86,62.36,"None"
"127","ID127","Male",174.63,68.17,"Intense"
"128","ID128","Female",172.62,49.73,"Intense"
"129","ID129","Male",180.21,93.01,"None"
"130","ID130","Female",164.11,48.25,"Intense"
"131","ID131","Female",170.96,85.36,"None"
"132","ID132","Female",172.46,67.27,"Moderate"
"133","ID133","Female",164.63,51.39,"None"
"134","ID134","Female",172.33,50.28,"Moderate"
"135","ID135","Male",180.44,71.79,"Intense"
"136","ID136","Male",181.75,75.17,"None"
"137","ID137","Female",163.17,61.35,"Moderate"
"138","ID138","Male",174.22,77.72,"None"
"139","ID139","Female",161.98,60.17,"Moderate"
"140","ID140","Male",179.78,92.21,"Moderate"
"141","ID141","Female",166.65,55.1,"None"
"142","ID142","Female",169.79,50.79,"Moderate"
"143","ID143","Female",161.42,51.29,"Moderate"
"144","ID144","Female",177.11,79.86,"Moderate"
"145","ID145","Female",163.91,60.7,"Intense"
"146","ID146","Female",167.62,67.9,"Intense"
"147","ID147","Female",160.96,61.84,"None"
"148","ID148","Male",179.56,61.35,"Intense"
"149","ID149","Male",182.46,63.85,"None"
"150","ID150","Female",166.07,50.56,"Moderate"
"151","ID151","Male",176.85,75.67,"Moderate"
"152","ID152","Female",169.5,46.89,"Intense"
"153","ID153","Female",168.22,80.71,"Intense"
"154","ID154","Male",180.19,76.26,"None"
"155","ID155","Female",167.41,68.3,"Moderate"
"156","ID156","Female",163.05,66.09,"None"
"157","ID157","Male",176.76,69.96,"Moderate"
"158","ID158","Male",179.21,60.41,"Intense"
"159","ID159","Female",165.12,61.33,"Moderate"
"160","ID160","Female",172.46,62.9,"Moderate"
"161","ID161","Male",179.11,72.52,"Moderate"
"162","ID162","Male",178.79,55.01,"Moderate"
"163","ID163","Female",164.77,51.42,"Moderate"
"164","ID164","Female",160.41,48.5,"Intense"
"165","ID165","Female",163.15,47.22,"Intense"
"166","ID166","Female",164.53,42.85,"None"
"167","ID167","Male",186.38,79.99,"Moderate"
"168","ID168","Male",177.07,51.06,"None"
"169","ID169","Male",181.11,74.87,"Moderate"
"170","ID170","Female",170.2,45.95,"None"
"171","ID171","Male",171.41,57.41,"Moderate"
"172","ID172","Female",172.6,69.03,"Intense"
"173","ID173","Male",175.12,54.67,"Moderate"
"174","ID174","Female",171.43,48.01,"Intense"
"175","ID175","Female",164.12,53.35,"Intense"
"176","ID176","Male",186.25,83.5,"Moderate"
"177","ID177","Female",162.44,52.86,"Moderate"
"178","ID178","Female",170.09,47.79,"None"
"179","ID179","Male",176.23,60.39,"None"
"180","ID180","Female",174.09,65.06,"Intense"
"181","ID181","Female",163.91,61.73,"None"
"182","ID182","Female",164.97,42.76,"None"
"183","ID183","Male",178.67,69.53,"None"
"184","ID184","Male",181.64,91.43,"None"
"185","ID185","Female",171.36,63.09,"Moderate"
"186","ID186","Male",177.13,70.94,"Moderate"
"187","ID187","Female",168.19,90.87,"Moderate"
"188","ID188","Male",169.38,72.09,"Moderate"
"189","ID189","Male",171.67,57.19,"None"
"190","ID190","Female",167.97,60.32,"Moderate"
"191","ID191","Male",181.59,76.32,"Intense"
"192","ID192","Female",170.93,59.32,"None"
"193","ID193","Male",172.43,62.11,"None"
"194","ID194","Female",168.39,63.25,"Moderate"
"195","ID195","Female",169.23,67.85,"Intense"
"196","ID196","Male",178.05,78.75,"Moderate"
"197","ID197","Female",163.65,53.47,"Moderate"
"198","ID198","Male",177.41,68.61,"Intense"
"199","ID199","Male",176.46,61.29,"Moderate"
"200","ID200","Female",167.95,62.52,"Moderate"
"201","ID201","Male",176.54,56.11,"Moderate"
"202","ID202","Male",174.78,74.66,"Moderate"
"203","ID203","Female",162.4,53.3,"Intense"
"204","ID204","Male",180.67,60.13,"Moderate"
"205","ID205","Female",165.69,45.43,"Moderate"
"206","ID206","Female",169.88,74.98,"Intense"
"207","ID207","Female",174.23,71.17,"Moderate"
"208","ID208","Female",173.39,68.09,"Moderate"
"209","ID209","Female",167.65,72.02,"Intense"
"210","ID210","Male",182.83,68.43,"None"
"211","ID211","Male",175.13,65,"Moderate"
"212","ID212","Female",165.21,69.42,"Moderate"
"213","ID213","Female",163.66,64.78,"Moderate"
"214","ID214","Female",165.38,65.8,"Moderate"
"215","ID215","Female",172.42,74.24,"Moderate"
"216","ID216","Male",174.18,76.7,"Moderate"
"217","ID217","Female",168.16,62.2,"None"
"218","ID218","Male",172.72,64.69,"Intense"
"219","ID219","Male",180.46,66.96,"Moderate"
"220","ID220","Female",170.14,71.33,"None"
"221","ID221","Male",175.91,66.97,"Moderate"
"222","ID222","Female",172.93,67.75,"Moderate"
"223","ID223","Male",175.07,64.88,"None"
"224","ID224","Male",176.66,69.39,"Intense"
"225","ID225","Male",177.27,89.59,"None"
"226","ID226","Female",175.6,59.3,"Moderate"
"227","ID227","Female",164.65,58.37,"Moderate"
"228","ID228","Female",170.74,52.43,"Moderate"
"229","ID229","Female",167.76,62.07,"Intense"
"230","ID230","Female",174.18,55.15,"Intense"
"231","ID231","Female",160.95,59.75,"None"
"232","ID232","Female",164.74,62.21,"Intense"
"233","ID233","Female",174.84,64.07,"Moderate"
"234","ID234","Female",170.8,78.18,"Intense"
"235","ID235","Female",172.42,53.57,"Moderate"
"236","ID236","Male",180.29,68.53,"Moderate"
"237","ID237","Male",179.39,53.06,"Moderate"
"238","ID238","Female",166.13,51.03,"Moderate"
"239","ID239","Female",168.7,60.61,"Intense"
"240","ID240","Male",176.05,74.91,"Moderate"
"241","ID241","Male",178.7,58.17,"Moderate"
"242","ID242","Female",167.25,52.19,"Moderate"
"243","ID243","Female",168.89,58.21,"Intense"
"244","ID244","Female",166.2,58.74,"Moderate"
"245","ID245","Female",167.74,64.69,"None"
"246","ID246","Male",179.3,61.51,"Moderate"
"247","ID247","Female",170.03,64.85,"Intense"
"248","ID248","Female",167.16,77.39,"Moderate"
"249","ID249","Female",169.98,70.68,"Intense"
"250","ID250","Female",165.14,54.72,"Moderate"
"251","ID251","Female",163.77,46.9,"Intense"
"252","ID252","Male",179.78,80.8,"Intense"
"253","ID253","Female",163.14,79.53,"Moderate"
"254","ID254","Female",167.84,56.64,"Intense"
"255","ID255","Male",177.65,77.77,"Intense"
"256","ID256","Female",171.5,68.83,"None"
"257","ID257","Female",165.86,71.25,"Moderate"
"258","ID258","Female",165.11,60.76,"Moderate"
"259","ID259","Male",179.42,67.5,"Intense"
"260","ID260","Male",180.04,70.04,"Moderate"
"261","ID261","Female",161.6,48.05,"Moderate"
"262","ID262","Female",162.07,57.62,"Intense"
"263","ID263","Female",170.05,70.21,"None"
"264","ID264","Male",166.24,53.53,"Moderate"
"265","ID265","Male",177.76,86.41,"Moderate"
"266","ID266","Female",166.28,51.31,"None"
"267","ID267","Male",177.11,50.7,"None"
"268","ID268","Female",169.97,69.92,"Moderate"
"269","ID269","Female",168.06,69.27,"None"
"270","ID270","Male",177.46,68.11,"Moderate"
"271","ID271","Female",168.21,59.61,"Intense"
"272","ID272","Male",175.74,70.5,"Moderate"
"273","ID273","Female",169.73,67.91,"Moderate"
"274","ID274","Male",185.67,60.67,"Moderate"
"275","ID275","Male",174.53,67.1,"Moderate"
"276","ID276","Female",167.97,62.2,"None"
"277","ID277","Female",157.48,49,"Moderate"
"278","ID278","Male",181.37,70.81,"Moderate"
"279","ID279","Female",166.48,61.45,"Moderate"
"280","ID280","Male",175.55,60.18,"Intense"
"281","ID281","Male",176.57,49.73,"Intense"
"282","ID282","Female",164.94,53.61,"Moderate"
"283","ID283","Male",177.75,70.19,"Intense"
"284","ID284","Female",160.96,41.51,"Intense"
"285","ID285","Male",175.52,68.46,"Moderate"
"286","ID286","Female",171.06,53.64,"Moderate"
"287","ID287","Female",167.77,55.18,"None"
"288","ID288","Male",176.08,77.71,"None"
"289","ID289","Female",170.4,76.27,"None"
"290","ID290","Female",171.99,73.88,"Moderate"
"291","ID291","Female",166.33,60.6,"Moderate"
"292","ID292","Male",176.18,79.86,"Moderate"
"293","ID293","Female",165.54,61.77,"None"
"294","ID294","Male",179.26,86.63,"None"
"295","ID295","Male",174.91,77.49,"Intense"
"296","ID296","Female",167.39,67.93,"Intense"
"297","ID297","Male",175.26,66.48,"None"
"298","ID298","Male",182.31,75.37,"None"
"299","ID299","Female",179.03,73.23,"Moderate"
"300","ID300","Male",183.94,67.99,"None"
"301","ID301","Female",164.01,48.8,"Intense"
"302","ID302","Female",175.19,74.73,"None"
"303","ID303","Male",182.83,67.11,"Intense"
"304","ID304","Male",178.28,72.83,"Moderate"
"305","ID305","Male",179.77,68.96,"None"
"306","ID306","Female",170.72,69.3,"Moderate"
"307","ID307","Female",165.85,59.85,"Intense"
"308","ID308","Male",180.92,63.24,"Moderate"
"309","ID309","Male",180.82,77.18,"Intense"
"310","ID310","Female",167.38,74.3,"None"
"311","ID311","Male",176.79,70.13,"Moderate"
"312","ID312","Male",179.25,54.22,"Intense"
"313","ID313","Female",165.58,63.98,"None"
"314","ID314","Male",175.64,65.14,"None"
"315","ID315","Male",184.02,60.58,"Moderate"
"316","ID316","Male",180.82,71.08,"Moderate"
"317","ID317","Male",179.01,79.1,"Moderate"
"318","ID318","Female",174.45,72.83,"Intense"
"319","ID319","Female",159.31,54.6,"Intense"
"320","ID320","Male",180.49,82.66,"Intense"
"321","ID321","Male",177.48,61.81,"Moderate"
"322","ID322","Male",178.36,77.89,"None"
"323","ID323","Female",162.31,58.68,"Intense"
"324","ID324","Male",174.56,61.82,"Intense"
"325","ID325","Female",171.22,69.7,"Moderate"
"326","ID326","Male",172.96,65.49,"Moderate"
"327","ID327","Female",160.7,57.23,"Intense"
"328","ID328","Female",163.15,65.38,"Moderate"
"329","ID329","Male",183.05,79.19,"None"
"330","ID330","Male",177.1,63.78,"Intense"
"331","ID331","Female",160.25,66.14,"Intense"
"332","ID332","Male",180.56,63.75,"None"
"333","ID333","Female",165.64,67.01,"Intense"
"334","ID334","Female",168.98,82.67,"None"
"335","ID335","Male",176.37,67.37,"Moderate"
"336","ID336","Female",161.07,71.47,"Moderate"
"337","ID337","Male",176.64,58.34,"Moderate"
"338","ID338","Female",170.18,69.8,"Moderate"
"339","ID339","Female",166.6,63.9,"Moderate"
"340","ID340","Male",174.9,66.32,"Intense"
"341","ID341","Male",180.83,76.4,"Intense"
"342","ID342","Male",178.22,78.15,"Intense"
"343","ID343","Female",166.51,54.04,"None"
"344","ID344","Male",179,58.98,"Moderate"
"345","ID345","Female",170.88,57.47,"None"
"346","ID346","Female",169.83,58.73,"Moderate"
"347","ID347","Male",177.66,60.79,"Moderate"
"348","ID348","Male",176.1,53,"Moderate"
"349","ID349","Male",181.74,76.3,"Moderate"
"350","ID350","Female",166.88,62.3,"Moderate"
"351","ID351","Male",179.84,64.85,"None"
"352","ID352","Female",172.57,78.41,"Moderate"
"353","ID353","Male",177.15,59.29,"Moderate"
"354","ID354","Female",168.25,65.57,"Moderate"
"355","ID355","Female",166.42,55.84,"None"
"356","ID356","Female",165.16,52.33,"None"
"357","ID357","Female",166.69,61,"Intense"
"358","ID358","Female",168.15,67.61,"Moderate"
"359","ID359","Female",171.89,77.57,"Intense"
"360","ID360","Female",166.57,68.68,"None"
"361","ID361","Female",171.04,61.22,"None"
"362","ID362","Female",167.22,60.03,"Moderate"
"363","ID363","Female",161.29,60.1,"None"
"364","ID364","Male",183.78,71.17,"None"
"365","ID365","Male",176.91,78.43,"Intense"
"366","ID366","Female",161.36,64.12,"Moderate"
"367","ID367","Male",179.97,73.77,"Moderate"
"368","ID368","Male",180.59,79.16,"None"
"369","ID369","Male",179.77,71.86,"None"
"370","ID370","Male",182.71,85.02,"Intense"
"371","ID371","Female",165.38,56.74,"Moderate"
"372","ID372","Male",169.28,81.4,"None"
"373","ID373","Male",177.9,63.76,"Moderate"
"374","ID374","Female",172,59.07,"Intense"
"375","ID375","Female",169.5,67.12,"Moderate"
"376","ID376","Female",164.9,68.99,"Moderate"
"377","ID377","Male",181.94,73.98,"Moderate"
"378","ID378","Female",168.45,54.9,"Moderate"
"379","ID379","Female",171.65,58.38,"Moderate"
"380","ID380","Female",169.12,61.77,"Moderate"
"381","ID381","Male",174.76,44.75,"None"
"382","ID382","Male",178.76,60.2,"Intense"
"383","ID383","Female",169.89,65.7,"Moderate"
"384","ID384","Male",172.94,75.85,"None"
"385","ID385","Male",181.89,70.24,"None"
"386","ID386","Female",169.05,65.21,"Intense"
"387","ID387","Male",181.28,54.74,"Moderate"
"388","ID388","Male",174.38,52.4,"None"
"389","ID389","Male",176.06,65.21,"Moderate"
"390","ID390","Female",172.07,71.21,"Intense"
"391","ID391","Male",178.44,61.42,"Moderate"
"392","ID392","Male",175.48,73.79,"Moderate"
"393","ID393","Female",172.12,62.2,"Moderate"
"394","ID394","Male",178.05,66.4,"Moderate"
"395","ID395","Male",178.98,49.08,"Moderate"
"396","ID396","Female",169.78,55.46,"None"
"397","ID397","Female",167.8,65.17,"None"
"398","ID398","Female",167.06,52.36,"Moderate"
"399","ID399","Male",180.79,72.32,"Intense"
"400","ID400","Male",177.97,69.51,"Intense"
"401","ID401","Female",168.25,58.75,"Moderate"
"402","ID402","Male",172.61,63.48,"None"
"403","ID403","Female",165.18,55.93,"Moderate"
"404","ID404","Female",174.46,80.63,"Moderate"
"405","ID405","Female",166.38,56.66,"Moderate"
"406","ID406","Female",163.51,62.18,"Moderate"
"407","ID407","Female",169.75,61.56,"Moderate"
"408","ID408","Female",164.95,75.09,"Intense"
"409","ID409","Female",173.23,64.17,"Moderate"
"410","ID410","Female",166.94,51.17,"Moderate"
"411","ID411","Female",165.32,62.39,"Moderate"
"412","ID412","Male",179.09,56.45,"None"
"413","ID413","Male",177.2,77.05,"None"
"414","ID414","Male",183.68,76.07,"Intense"
"415","ID415","Male",185.13,70.87,"Moderate"
"416","ID416","Male",179.37,75.56,"Moderate"
"417","ID417","Male",179.31,64.76,"Moderate"
"418","ID418","Male",180.2,64.93,"None"
"419","ID419","Female",165.64,54,"Moderate"
"420","ID420","Female",162.72,61.92,"Intense"
"421","ID421","Male",171.89,46.97,"None"
"422","ID422","Male",181.27,81.67,"None"
"423","ID423","Male",175.53,52.47,"Moderate"
"424","ID424","Female",163.48,53.84,"Moderate"
"425","ID425","Male",176.98,83.2,"Moderate"
"426","ID426","Male",183.79,70.49,"Intense"
"427","ID427","Female",166.22,63.77,"Moderate"
"428","ID428","Male",175.76,73.25,"Moderate"
"429","ID429","Female",160.74,51.08,"Moderate"
"430","ID430","Female",169.24,70.51,"Moderate"
"431","ID431","Male",176.24,66.49,"Moderate"
"432","ID432","Male",175.39,67.46,"Intense"
"433","ID433","Female",171.87,51.86,"Moderate"
"434","ID434","Male",179.88,75.48,"None"
"435","ID435","Male",170.73,71.66,"Moderate"
"436","ID436","Male",174.96,59.09,"Moderate"
"437","ID437","Male",178.81,81.13,"Intense"
"438","ID438","Male",176.15,70.72,"Moderate"
"439","ID439","Female",162.72,57.33,"Intense"
"440","ID440","Female",169.96,52.98,"None"
"441","ID441","Male",177.87,54.56,"None"
"442","ID442","Male",177.59,57.63,"Moderate"
"443","ID443","Female",166.48,65.93,"Moderate"
"444","ID444","Male",173.18,67.67,"Intense"
"445","ID445","Male",183.52,85.86,"Intense"
"446","ID446","Female",164.53,57.38,"Moderate"
"447","ID447","Female",181.3,77.32,"Moderate"
"448","ID448","Male",186.32,77.49,"Moderate"
"449","ID449","Male",179.21,76.8,"Intense"
"450","ID450","Female",172.54,59.7,"Moderate"
"451","ID451","Female",166.52,54.84,"None"
"452","ID452","Male",174.9,61.63,"Intense"
"453","ID453","Male",179.78,60.17,"None"
"454","ID454","Male",176.69,66.94,"Moderate"
"455","ID455","Male",174.18,65.99,"None"
"456","ID456","Male",180.94,72.1,"Moderate"
"457","ID457","Female",166.98,72.11,"Moderate"
"458","ID458","Female",167.14,38.15,"None"
"459","ID459","Male",179.9,60.83,"Moderate"
"460","ID460","Male",176.46,75.64,"None"
"461","ID461","Male",177.73,70.49,"Moderate"
"462","ID462","Female",168.22,63.72,"None"
"463","ID463","Female",164.28,58.38,"Intense"
"464","ID464","Male",174.7,70.62,"Moderate"
"465","ID465","Female",163.97,66.3,"None"
"466","ID466","Female",169.45,50.87,"Moderate"
"467","ID467","Male",176.1,56.22,"Moderate"
"468","ID468","Male",176.34,62.95,"None"
"469","ID469","Male",172.78,57.05,"None"
"470","ID470","Female",171.58,68.62,"None"
"471","ID471","Male",182.49,51.21,"Moderate"
"472","ID472","Male",174.62,68.12,"Intense"
"473","ID473","Female",168.13,54.39,"Moderate"
"474","ID474","Male",175.63,54.19,"Moderate"
"475","ID475","Male",176.24,67.7,"Moderate"
"476","ID476","Male",176.8,76.46,"Moderate"
"477","ID477","Male",179.62,61.28,"Moderate"
"478","ID478","Female",168.68,69.27,"Moderate"
"479","ID479","Female",164.08,69.27,"Moderate"
"480","ID480","Male",177.29,74.92,"Intense"
"481","ID481","Female",164.97,61.7,"Moderate"
"482","ID482","Female",169.35,67.65,"None"
"483","ID483","Male",175.3,55.33,"Moderate"
"484","ID484","Male",180.24,56.67,"Intense"
"485","ID485","Female",165.78,60.64,"Moderate"
"486","ID486","Female",169.65,64.56,"Intense"
"487","ID487","Female",164.26,41.66,"Intense"
"488","ID488","Female",161.04,63.47,"Moderate"
"489","ID489","Male",173.97,78.22,"Moderate"
"490","ID490","Female",172.47,73.2,"Moderate"
"491","ID491","Female",172.85,72.92,"Moderate"
"492","ID492","Female",165.59,60.41,"Moderate"
"493","ID493","Male",181.68,76.92,"Intense"
"494","ID494","Male",172.41,69.92,"Moderate"
"495","ID495","Female",167.34,51.13,"None"
"496","ID496","Female",177.46,65.91,"Intense"
"497","ID497","Male",178.57,72.16,"Intense"
"498","ID498","Male",175.47,77.07,"Moderate"
"499","ID499","Male",179.59,65.35,"Moderate"
"500","ID500","Female",169.3,71.8,"None"
"501","ID501","Female",162.66,60.3,"None"
"502","ID502","Female",171.1,58.61,"None"
"503","ID503","Female",167.58,63.84,"Moderate"
"504","ID504","Male",172.31,71.38,"None"
"505","ID505","Female",164.32,71.9,"None"
"506","ID506","Male",175.14,54.52,"None"
"507","ID507","Female",170.24,51.89,"None"
"508","ID508","Male",179.34,66.56,"Moderate"
"509","ID509","Female",171.13,56.78,"Moderate"
"510","ID510","Male",177.02,69.74,"None"
"511","ID511","Male",175.44,68.36,"Moderate"
"512","ID512","Male",172.3,69.62,"None"
"513","ID513","Female",167.73,64.79,"Intense"
"514","ID514","Female",166.24,58.78,"None"
"515","ID515","Male",168.75,69.58,"Moderate"
"516","ID516","Female",166.96,61.48,"Moderate"
"517","ID517","Male",181.62,72.8,"Moderate"
"518","ID518","Male",180.74,64.22,"Intense"
"519","ID519","Male",177.53,76.87,"Moderate"
"520","ID520","Female",167.77,71.94,"Moderate"
"521","ID521","Female",166.29,56.03,"Moderate"
"522","ID522","Male",185.77,76.74,"None"
"523","ID523","Female",168.41,62.53,"None"
"524","ID524","Female",166.3,61.68,"Moderate"
"525","ID525","Male",176.61,73.02,"Moderate"
"526","ID526","Female",166.57,65.53,"Moderate"
"527","ID527","Male",179.75,75.48,"Intense"
"528","ID528","Male",172.79,70.43,"Moderate"
"529","ID529","Male",174.66,67.51,"Moderate"
"530","ID530","Female",163.49,60.79,"Moderate"
"531","ID531","Male",181.55,76.2,"None"
"532","ID532","Female",164.13,68.78,"None"
"533","ID533","Male",183.58,87,"Intense"
"534","ID534","Female",163.3,56.03,"Intense"
"535","ID535","Male",174.12,59.13,"Intense"
"536","ID536","Female",169.86,73.42,"Moderate"
"537","ID537","Male",178.61,68.87,"None"
"538","ID538","Female",162.8,56.24,"Intense"
"539","ID539","Female",176.12,71.52,"Moderate"
"540","ID540","Male",177.96,73.38,"Intense"
"541","ID541","Male",189.16,73.72,"Intense"
"542","ID542","Female",176.39,66.37,"Moderate"
"543","ID543","Male",178.27,71.09,"Moderate"
"544","ID544","Male",178.03,61.23,"Moderate"
"545","ID545","Male",180.79,63.28,"Intense"
"546","ID546","Male",167.73,73.12,"Moderate"
"547","ID547","Female",167.98,57.45,"Intense"
"548","ID548","Male",183.58,67.59,"Moderate"
"549","ID549","Male",180.39,76.18,"Intense"
"550","ID550","Female",165.44,55.34,"Moderate"
"551","ID551","Male",177.47,75.01,"Moderate"
"552","ID552","Male",183.5,61.35,"Moderate"
"553","ID553","Male",178.45,63.65,"Moderate"
"554","ID554","Female",169.64,47.66,"Moderate"
"555","ID555","Female",168.58,63.89,"None"
"556","ID556","Female",174.83,75.61,"Moderate"
"557","ID557","Female",166.12,60.04,"Moderate"
"558","ID558","Female",164.84,60.35,"Moderate"
"559","ID559","Female",169.13,63.25,"None"
"560","ID560","Male",173.07,66.2,"Moderate"
"561","ID561","Male",183.54,56.99,"Moderate"
"562","ID562","Male",181.87,82.06,"None"
"563","ID563","Male",180.11,58.08,"Moderate"
"564","ID564","Female",169.6,65.31,"None"
"565","ID565","Male",181.58,80.25,"Intense"
"566","ID566","Female",166.5,61.02,"Moderate"
"567","ID567","Female",157.76,61.1,"Intense"
"568","ID568","Male",180.7,78.55,"Moderate"
"569","ID569","Female",168.48,84.96,"None"
"570","ID570","Male",176.69,73.14,"Moderate"
"571","ID571","Female",173.18,61.3,"Moderate"
"572","ID572","Female",167.33,71.68,"Moderate"
"573","ID573","Female",168.09,67.05,"None"
"574","ID574","Male",181.46,59.52,"Moderate"
"575","ID575","Female",169.18,47.57,"None"
"576","ID576","Male",183.32,67.3,"Moderate"
"577","ID577","Male",176.43,68.73,"None"
"578","ID578","Female",168.12,59.42,"Moderate"
"579","ID579","Female",175.87,61.2,"None"
"580","ID580","Male",186.9,81.97,"Intense"
"581","ID581","Male",182.17,74.53,"None"
"582","ID582","Female",167.53,69.56,"Moderate"
"583","ID583","Female",168.73,80.89,"None"
"584","ID584","Male",170.46,61.66,"Moderate"
"585","ID585","Male",170.22,86,"Moderate"
"586","ID586","Male",167.84,62.35,"Moderate"
"587","ID587","Female",166.33,62.23,"Moderate"
"588","ID588","Female",171.29,53.08,"None"
"589","ID589","Male",173.28,60.62,"Moderate"
"590","ID590","Female",175.78,73.85,"Moderate"
"591","ID591","Female",171.27,57.96,"None"
"592","ID592","Female",170.5,61.15,"Moderate"
"593","ID593","Female",167.36,78.21,"Intense"
"594","ID594","Male",174.26,78.71,"Moderate"
"595","ID595","Male",179.62,70.11,"Intense"
"596","ID596","Male",178.85,75.59,"Moderate"
"597","ID597","Female",172.65,58.45,"Intense"
"598","ID598","Male",185.04,85,"Intense"
"599","ID599","Female",165.46,48.32,"None"
"600","ID600","Male",183.55,72.91,"Moderate"
"601","ID601","Female",165.36,54.23,"Intense"
"602","ID602","Male",170.51,68.83,"Intense"
"603","ID603","Male",174,76.37,"Intense"
"604","ID604","Male",178.81,65.58,"Moderate"
"605","ID605","Male",179.06,49.68,"Moderate"
"606","ID606","Male",176.59,72.57,"Moderate"
"607","ID607","Female",171.1,62.47,"Moderate"
"608","ID608","Male",179.56,88.76,"Intense"
"609","ID609","Male",176.04,82.19,"None"
"610","ID610","Female",170.52,65.29,"Moderate"
"611","ID611","Male",178.76,75.36,"Intense"
"612","ID612","Male",166.72,58.05,"Intense"
"613","ID613","Female",162.68,60.42,"Intense"
"614","ID614","Male",185.35,81.89,"Moderate"
"615","ID615","Female",165.8,54.64,"Intense"
"616","ID616","Male",177.74,71.44,"Intense"
"617","ID617","Female",169.72,70.31,"Moderate"
"618","ID618","Female",167.95,66.39,"None"
"619","ID619","Male",174.49,64.01,"None"
"620","ID620","Male",174.31,62.37,"Intense"
"621","ID621","Female",170.59,65.98,"None"
"622","ID622","Male",180.19,69.89,"Moderate"
"623","ID623","Female",167.64,60.79,"Moderate"
"624","ID624","Female",170.39,72.44,"Moderate"
"625","ID625","Female",171.45,63.11,"None"
"626","ID626","Male",173.13,72.68,"None"
"627","ID627","Female",164.8,61.95,"Moderate"
"628","ID628","Female",168.24,62.62,"Intense"
"629","ID629","Female",165.62,62.68,"None"
"630","ID630","Male",178.02,80.3,"Moderate"
"631","ID631","Male",179.36,53.94,"None"
"632","ID632","Female",170.62,60.63,"Moderate"
"633","ID633","Female",167.24,59.04,"None"
"634","ID634","Male",174.91,56.5,"None"
"635","ID635","Female",170.51,66.58,"Moderate"
"636","ID636","Female",161.87,81.45,"None"
"637","ID637","Female",174.33,69.1,"Intense"
"638","ID638","Male",174.79,50.54,"Intense"
"639","ID639","Male",177.58,75.87,"Intense"
"640","ID640","Female",162.39,36.58,"Moderate"
"641","ID641","Male",174.16,74.91,"Moderate"
"642","ID642","Male",176.16,81.93,"None"
"643","ID643","Female",165.22,54.14,"Moderate"
"644","ID644","Male",178.01,59.86,"None"
"645","ID645","Female",169.59,61.15,"Moderate"
"646","ID646","Female",165.89,51.92,"Moderate"
"647","ID647","Male",177.42,73.67,"Intense"
"648","ID648","Male",185.78,83.24,"Intense"
"649","ID649","Female",169.21,56.88,"Moderate"
"650","ID650","Female",162.45,56.62,"None"
"651","ID651","Male",182.61,88.74,"None"
"652","ID652","Female",165.1,74.48,"Moderate"
"653","ID653","Male",172.65,59.33,"Moderate"
"654","ID654","Male",174.63,78.01,"None"
"655","ID655","Female",158.58,60.32,"None"
"656","ID656","Female",168.43,60.17,"Moderate"
"657","ID657","Male",181.15,71.27,"Intense"
"658","ID658","Male",188.47,63.48,"Moderate"
"659","ID659","Female",162.88,50.64,"None"
"660","ID660","Female",168.65,75.42,"Intense"
"661","ID661","Male",180.65,68.22,"Intense"
"662","ID662","Female",166.53,63.68,"Intense"
"663","ID663","Male",171.32,80.57,"Moderate"
"664","ID664","Male",167.97,68.11,"Intense"
"665","ID665","Female",171.66,70.78,"Moderate"
"666","ID666","Female",165.24,76.71,"Moderate"
"667","ID667","Female",167.84,58.21,"None"
"668","ID668","Female",170.18,69.3,"None"
"669","ID669","Female",163.72,57.29,"Moderate"
"670","ID670","Female",167.35,78.24,"Intense"
"671","ID671","Male",179.96,63.54,"Moderate"
"672","ID672","Female",166.13,81.05,"Intense"
"673","ID673","Female",166.37,62.98,"Moderate"
"674","ID674","Female",173.56,68.92,"None"
"675","ID675","Female",171.05,50.78,"Intense"
"676","ID676","Male",177.59,80.61,"Intense"
"677","ID677","Female",175.81,66.95,"Moderate"
"678","ID678","Male",180.34,78.26,"Moderate"
"679","ID679","Male",177.63,74.15,"None"
"680","ID680","Female",169.16,65.73,"None"
"681","ID681","Female",168.11,69.93,"Moderate"
"682","ID682","Female",160.22,52.24,"Moderate"
"683","ID683","Male",177.22,70.35,"Moderate"
"684","ID684","Male",177.63,70.96,"Intense"
"685","ID685","Male",179.34,74.71,"Moderate"
"686","ID686","Female",176.9,67.14,"Moderate"
"687","ID687","Male",184.48,77.21,"Moderate"
"688","ID688","Female",168.2,61.02,"Moderate"
"689","ID689","Male",178.14,68.29,"Moderate"
"690","ID690","Female",161.12,57.62,"Moderate"
"691","ID691","Male",178.14,83.65,"Moderate"
"692","ID692","Male",181.44,79.57,"Moderate"
"693","ID693","Male",177.21,74.02,"Moderate"
"694","ID694","Female",171.36,56.2,"Moderate"
"695","ID695","Male",178.43,61.1,"Moderate"
"696","ID696","Male",177.44,69.86,"None"
"697","ID697","Male",178.2,51.28,"None"
"698","ID698","Female",166,45.29,"None"
"699","ID699","Female",169.29,65.34,"Intense"
"700","ID700","Female",169.06,45.95,"Moderate"
"701","ID701","Female",169.97,75.44,"Intense"
"702","ID702","Male",177.86,58.26,"Intense"
"703","ID703","Female",163.72,56.7,"None"
"704","ID704","Male",177.42,66.18,"Moderate"
"705","ID705","Female",169.34,61.23,"Moderate"
"706","ID706","Male",169.47,82.59,"Intense"
"707","ID707","Male",179.09,78.2,"Intense"
"708","ID708","Female",163.87,67.87,"Intense"
"709","ID709","Female",171.12,78.86,"Intense"
"710","ID710","Male",185.76,64.48,"Intense"
"711","ID711","Male",182.33,75.64,"Moderate"
"712","ID712","Male",181.18,74.21,"Intense"
"713","ID713","Female",168.94,69.45,"Intense"
"714","ID714","Female",169.11,56.5,"Moderate"
"715","ID715","Female",167.4,73.76,"Moderate"
"716","ID716","Male",171.13,53.22,"Intense"
"717","ID717","Male",182.19,82.91,"None"
"718","ID718","Male",179.9,88.84,"Intense"
"719","ID719","Male",183.42,76.34,"Moderate"
"720","ID720","Female",158.4,49.74,"Moderate"
"721","ID721","Male",173.77,64.12,"Moderate"
"722","ID722","Female",161.55,68.22,"None"
"723","ID723","Male",180.79,66.17,"Moderate"
"724","ID724","Male",174,47.69,"Moderate"
"725","ID725","Female",168.91,56.62,"Moderate"
"726","ID726","Female",161.66,81.86,"Intense"
"727","ID727","Female",164.66,49.65,"Moderate"
"728","ID728","Female",171.41,69.72,"None"
"729","ID729","Male",174.16,67.04,"Moderate"
"730","ID730","Female",162.5,52.52,"Moderate"
"731","ID731","Female",171.47,81.87,"Intense"
"732","ID732","Female",167.12,62.65,"None"
"733","ID733","Male",176.68,40.04,"None"
"734","ID734","Male",180.4,74.36,"Moderate"
"735","ID735","Female",173.5,66.03,"Moderate"
"736","ID736","Female",167.86,56.74,"Intense"
"737","ID737","Male",178.44,62.2,"Intense"
"738","ID738","Male",174.34,95.55,"Moderate"
"739","ID739","Female",164.11,65.76,"Moderate"
"740","ID740","Male",179.75,93.69,"Moderate"
"741","ID741","Male",179.38,78.96,"Moderate"
"742","ID742","Male",181.76,79.14,"None"
"743","ID743","Female",168.53,54.97,"Moderate"
"744","ID744","Female",170.31,58.43,"Moderate"
"745","ID745","Female",168.54,76.02,"None"
"746","ID746","Male",175.36,68.58,"Moderate"
"747","ID747","Female",163.92,59.57,"Moderate"
"748","ID748","Male",178.28,65.52,"Intense"
"749","ID749","Male",185.68,83.51,"Moderate"
"750","ID750","Female",169.9,65.8,"Intense"
"751","ID751","Female",159.69,52.42,"Moderate"
"752","ID752","Female",169.41,92.17,"Moderate"
"753","ID753","Male",176.26,62.12,"Moderate"
"754","ID754","Male",173.45,63.07,"None"
"755","ID755","Female",170.68,60.53,"Moderate"
"756","ID756","Female",170.02,83.09,"None"
"757","ID757","Female",172.22,82.74,"Moderate"
"758","ID758","Female",162.66,63.27,"Intense"
"759","ID759","Female",158.46,53.17,"Moderate"
"760","ID760","Female",163.49,59.52,"Moderate"
"761","ID761","Male",181.13,77.38,"Moderate"
"762","ID762","Male",170.64,70.07,"Intense"
"763","ID763","Male",178.83,68.11,"Moderate"
"764","ID764","Male",179.51,64.09,"None"
"765","ID765","Female",171.85,61.77,"Moderate"
"766","ID766","Female",166.72,61.82,"Moderate"
"767","ID767","Female",165.79,59.75,"Moderate"
"768","ID768","Male",176.1,77.68,"Intense"
"769","ID769","Female",169.41,66.66,"Moderate"
"770","ID770","Female",167.37,64.87,"Moderate"
"771","ID771","Female",170.48,78.29,"Moderate"
"772","ID772","Female",172.62,75.45,"Moderate"
"773","ID773","Female",165.09,57.54,"Intense"
"774","ID774","Male",172.4,75.73,"Moderate"
"775","ID775","Male",185.09,62.02,"None"
"776","ID776","Female",167.46,69.39,"Moderate"
"777","ID777","Female",165.42,62.55,"None"
"778","ID778","Female",164.74,57.13,"Moderate"
"779","ID779","Female",166.36,55.25,"Moderate"
"780","ID780","Female",168.59,50.75,"None"
"781","ID781","Male",172.2,59.91,"None"
"782","ID782","Female",170.77,56.04,"Intense"
"783","ID783","Female",169.67,45.33,"Moderate"
"784","ID784","Male",183.21,82.63,"Intense"
"785","ID785","Male",172.65,56.35,"Intense"
"786","ID786","Female",168.89,70.48,"Intense"
"787","ID787","Female",170.5,58.51,"Moderate"
"788","ID788","Female",169.87,56.75,"Moderate"
"789","ID789","Female",166.86,63.07,"Intense"
"790","ID790","Female",168.5,61.7,"Moderate"
"791","ID791","Female",165.63,63.63,"Moderate"
"792","ID792","Male",174.13,71.15,"Intense"
"793","ID793","Female",159.78,54.82,"Moderate"
"794","ID794","Female",174.11,43.89,"Intense"
"795","ID795","Female",171.93,61.88,"Moderate"
"796","ID796","Male",182.27,81.82,"Intense"
"797","ID797","Male",172.53,71.65,"Intense"
"798","ID798","Male",175.11,68.57,"Moderate"
"799","ID799","Male",179.77,60.55,"Moderate"
"800","ID800","Female",160.83,48.75,"Intense"
"801","ID801","Female",163.71,58.08,"Intense"
"802","ID802","Female",166.6,64.87,"Intense"
"803","ID803","Female",171.47,68.83,"Intense"
"804","ID804","Female",170.79,72.29,"Intense"
"805","ID805","Male",175.56,57.06,"Moderate"
"806","ID806","Female",164.19,48.78,"None"
"807","ID807","Female",167.23,65.14,"Intense"
"808","ID808","Female",165.87,54.33,"Moderate"
"809","ID809","Female",165.19,63.32,"Moderate"
"810","ID810","Female",170.63,76.33,"None"
"811","ID811","Female",165.18,57.77,"Moderate"
"812","ID812","Female",167.05,53.82,"Moderate"
"813","ID813","Female",165.51,68.11,"Moderate"
"814","ID814","Male",184.95,84.36,"None"
"815","ID815","Male",183.13,69.49,"Moderate"
"816","ID816","Male",171.43,74.65,"Intense"
"817","ID817","Female",177.32,69.58,"Intense"
"818","ID818","Male",178.76,74.44,"Moderate"
"819","ID819","Female",163.89,47.2,"None"
"820","ID820","Female",171.31,62.4,"Moderate"
"821","ID821","Female",168.71,61.68,"Moderate"
"822","ID822","Female",172.83,57.59,"Moderate"
"823","ID823","Female",165.55,54.58,"Moderate"
"824","ID824","Female",171.18,50.51,"Moderate"
"825","ID825","Male",177.25,65.62,"None"
"826","ID826","Male",179.78,62.75,"Moderate"
"827","ID827","Female",167.82,56.04,"Moderate"
"828","ID828","Female",164.69,64.45,"Moderate"
"829","ID829","Male",173.4,66.2,"None"
"830","ID830","Male",175.15,72.57,"Intense"
"831","ID831","Female",166.65,57.89,"None"
"832","ID832","Female",167.73,57.94,"Moderate"
"833","ID833","Female",170.33,55.75,"None"
"834","ID834","Female",165.68,59.73,"Moderate"
"835","ID835","Female",168.84,63.28,"Moderate"
"836","ID836","Female",157.85,50.98,"Intense"
"837","ID837","Male",178.57,80.84,"Intense"
"838","ID838","Male",175.23,75.49,"Intense"
"839","ID839","Female",168.36,68.57,"Moderate"
"840","ID840","Male",180.52,82.73,"Moderate"
"841","ID841","Male",179.33,78.93,"Moderate"
"842","ID842","Male",177.35,65.38,"Moderate"
"843","ID843","Male",183.79,63.04,"None"
"844","ID844","Female",162.26,56.81,"Moderate"
"845","ID845","Female",168.34,63.22,"Moderate"
"846","ID846","Female",171.14,59,"Moderate"
"847","ID847","Male",172.21,57.57,"Moderate"
"848","ID848","Male",176.75,81.15,"Moderate"
"849","ID849","Male",171.92,52.43,"Moderate"
"850","ID850","Female",173.97,82.52,"Intense"
"851","ID851","Male",181.49,69,"None"
"852","ID852","Female",168.89,59.75,"None"
"853","ID853","Female",172.3,57.24,"None"
"854","ID854","Male",173.58,75.91,"None"
"855","ID855","Female",167.42,67.21,"Moderate"
"856","ID856","Female",162.33,53.03,"None"
"857","ID857","Female",170.77,73.03,"Moderate"
"858","ID858","Female",176.43,71.84,"Moderate"
"859","ID859","Female",168.05,61.01,"Moderate"
"860","ID860","Male",177.79,72.18,"Moderate"
"861","ID861","Male",171.14,48.67,"Moderate"
"862","ID862","Female",166.19,61.88,"Moderate"
"863","ID863","Male",174.23,57.68,"Moderate"
"864","ID864","Female",168.63,55.01,"None"
"865","ID865","Male",175.71,52.98,"Intense"
"866","ID866","Male",174.61,61.23,"Moderate"
"867","ID867","Male",175.02,73.04,"Intense"
"868","ID868","Female",162.86,57.8,"Moderate"
"869","ID869","Female",160.8,51.39,"Moderate"
"870","ID870","Male",172.32,58.85,"Moderate"
"871","ID871","Male",181.2,83.58,"Intense"
"872","ID872","Female",171.48,70.31,"None"
"873","ID873","Male",173.11,54.86,"Moderate"
"874","ID874","Female",168.2,61.04,"None"
"875","ID875","Female",161.1,49.16,"None"
"876","ID876","Female",169.29,57.08,"Moderate"
"877","ID877","Male",178.77,76.88,"None"
"878","ID878","Male",177.1,63.21,"None"
"879","ID879","Male",171.97,69.15,"Intense"
"880","ID880","Male",178.87,65.04,"None"
"881","ID881","Male",173.6,70.71,"Intense"
"882","ID882","Male",176.83,68.2,"None"
"883","ID883","Female",171.06,80.5,"Moderate"
"884","ID884","Female",162.48,53.95,"Moderate"
"885","ID885","Male",172.73,61.26,"Moderate"
"886","ID886","Male",181.2,83.56,"Moderate"
"887","ID887","Female",175.69,73.34,"None"
"888","ID888","Male",185.45,72.76,"Intense"
"889","ID889","Female",173.36,52.95,"None"
"890","ID890","Female",172.38,67.15,"Moderate"
"891","ID891","Female",168.08,73.31,"Moderate"
"892","ID892","Male",181.19,92.84,"Moderate"
"893","ID893","Female",164.95,64.19,"Intense"
"894","ID894","Male",177.56,60.91,"None"
"895","ID895","Female",164.88,49.34,"Moderate"
"896","ID896","Male",174.68,78.22,"None"
"897","ID897","Male",174.67,61.25,"Intense"
"898","ID898","Male",174.45,61.41,"Moderate"
"899","ID899","Female",163.16,48.74,"Moderate"
"900","ID900","Female",171.44,71.79,"Intense"
"901","ID901","Male",181.35,62.83,"Intense"
"902","ID902","Male",182.3,70.09,"None"
"903","ID903","Male",179.96,43.56,"Intense"
"904","ID904","Male",181.4,65.79,"Moderate"
"905","ID905","Male",177.54,79.6,"Moderate"
"906","ID906","Female",167.56,68.12,"None"
"907","ID907","Female",166.15,56.06,"Moderate"
"908","ID908","Female",164.97,62.88,"None"
"909","ID909","Female",175.9,51.75,"None"
"910","ID910","Female",169.33,64.23,"Moderate"
"911","ID911","Male",181.29,76.86,"Intense"
"912","ID912","Male",174.77,74.02,"Moderate"
"913","ID913","Male",174.88,76.89,"None"
"914","ID914","Male",174.41,59.45,"Moderate"
"915","ID915","Male",184.34,77.73,"Moderate"
"916","ID916","Male",174.91,64.52,"Moderate"
"917","ID917","Female",167.23,67.24,"None"
"918","ID918","Male",184.32,70.32,"Moderate"
"919","ID919","Female",174.53,75.38,"Intense"
"920","ID920","Male",175.41,49.75,"Intense"
"921","ID921","Male",177.49,87.61,"Moderate"
"922","ID922","Male",178.2,68.19,"Intense"
"923","ID923","Female",164.54,57.95,"Moderate"
"924","ID924","Female",159.44,53.29,"Moderate"
"925","ID925","Male",180.35,67.66,"None"
"926","ID926","Male",182.07,64.63,"Moderate"
"927","ID927","Female",171.14,77.83,"Moderate"
"928","ID928","Female",161.97,64.49,"Moderate"
"929","ID929","Female",160.76,63.75,"None"
"930","ID930","Female",166.09,49.62,"Intense"
"931","ID931","Female",172.11,54.84,"Moderate"
"932","ID932","Male",176.42,61.03,"Moderate"
"933","ID933","Female",163.17,56.94,"Intense"
"934","ID934","Female",175.66,52.31,"Moderate"
"935","ID935","Male",180.39,69.45,"Moderate"
"936","ID936","Female",167.99,56.18,"Moderate"
"937","ID937","Female",167.54,71.49,"Moderate"
"938","ID938","Male",178.86,63.52,"Intense"
"939","ID939","Male",176.5,60.31,"Moderate"
"940","ID940","Female",173.76,62.21,"Intense"
"941","ID941","Male",182.32,68.73,"Intense"
"942","ID942","Male",180.77,84.97,"Moderate"
"943","ID943","Female",161.21,54.89,"None"
"944","ID944","Female",169.51,71.04,"Moderate"
"945","ID945","Female",169.12,61.44,"Intense"
"946","ID946","Female",161.92,61.22,"Moderate"
"947","ID947","Female",163.86,55.1,"Moderate"
"948","ID948","Female",179.96,65.12,"None"
"949","ID949","Male",173.29,68.85,"Moderate"
"950","ID950","Female",173.37,54.84,"Moderate"
"951","ID951","Male",174.31,53.23,"None"
"952","ID952","Male",177.91,76.89,"Moderate"
"953","ID953","Male",177.99,62.54,"None"
"954","ID954","Male",174.19,65.22,"Intense"
"955","ID955","Male",175.06,83.52,"Moderate"
"956","ID956","Male",182.79,57.13,"Intense"
"957","ID957","Male",183.35,78.73,"Moderate"
"958","ID958","Female",170.34,62.19,"Moderate"
"959","ID959","Male",178.36,76.07,"Moderate"
"960","ID960","Female",165.35,67.21,"Moderate"
"961","ID961","Male",178.02,73.89,"Moderate"
"962","ID962","Male",181.26,80.51,"Intense"
"963","ID963","Female",174.08,61.1,"Moderate"
"964","ID964","Female",169.18,72.02,"Intense"
"965","ID965","Female",161.95,51.05,"Intense"
"966","ID966","Male",178.11,74.89,"Moderate"
"967","ID967","Female",170.29,62.43,"Moderate"
"968","ID968","Female",168.16,73.18,"Intense"
"969","ID969","Male",176.7,87.06,"None"
"970","ID970","Female",167.77,66.82,"Intense"
"971","ID971","Female",169.13,60.15,"Intense"
"972","ID972","Female",170.05,62.6,"Moderate"
"973","ID973","Male",176.87,72.08,"Moderate"
"974","ID974","Male",171.27,64.1,"Moderate"
"975","ID975","Female",168.98,63.77,"None"
"976","ID976","Male",181.76,78.95,"None"
"977","ID977","Female",166.5,60.47,"Intense"
"978","ID978","Male",171.8,69.16,"Intense"
"979","ID979","Female",170.03,60.31,"Moderate"
"980","ID980","Male",178.73,73.05,"Moderate"
"981","ID981","Female",171.53,65.04,"None"
"982","ID982","Female",167.91,56.46,"Intense"
"983","ID983","Male",181.92,69.95,"Moderate"
"984","ID984","Male",166.43,73.44,"Moderate"
"985","ID985","Male",174.71,65.1,"Intense"
"986","ID986","Female",169,49.49,"None"
"987","ID987","Female",168.76,65.12,"Moderate"
"988","ID988","Female",165.99,68.92,"Moderate"
"989","ID989","Female",166.5,61.91,"Intense"
"990","ID990","Male",176.67,77.08,"Intense"
"991","ID991","Male",180.49,78.04,"Intense"
"992","ID992","Female",168.65,72.41,"None"
"993","ID993","Male",172.68,47.28,"Moderate"
"994","ID994","Female",172.04,66.36,"None"
"995","ID995","Male",175.73,72.76,"None"
"996","ID996","Female",159.16,53.36,"None"
"997","ID997","Female",163,51.67,"None"
"998","ID998","Female",161.61,49.6,"Moderate"
"999","ID999","Male",179.39,57.99,"Intense"
"1000","ID1000","Female",174.11,71.97,"Moderate"
